Generation,Best Fitness
1,-2.022330769230772
2,-2.010504273504275
3,-1.9448809523809476
4,-1.6693885281385288
