Generation,Best Fitness
1,0.5660538461538472
2,0.5660538461538472
3,0.5660538461538472
4,0.5660538461538472
5,0.5660538461538472
6,0.5660538461538472
7,0.5660538461538472
8,0.5660538461538472
9,0.5660538461538472
10,0.5660538461538472
11,0.5660538461538472
12,0.5660538461538472
13,0.5660538461538472
14,0.5660538461538472
15,0.5660538461538472
16,0.5660538461538472
17,0.5660538461538472
18,0.5660538461538472
19,0.5660538461538472
20,0.5660538461538472
