Generation,Best Fitness
0,-0.8072932330827072
1,-0.8072932330827072
2,-0.8072932330827072
