Generation,Best Fitness
0,-3.361024421349576
1,-3.361024421349576
