Generation,Best Fitness
1,296.36901358079365
2,296.36901358079365
3,299.28275542177965
