Generation,Best Fitness
0,-0.618430232558141
1,-0.618430232558141
2,-0.618430232558141
3,-0.618430232558141
4,-0.618430232558141
5,-0.618430232558141
6,-0.618430232558141
7,-0.618430232558141
8,-0.618430232558141
9,-0.618430232558141
10,-0.618430232558141
11,-0.618430232558141
12,-0.618430232558141
13,-0.618430232558141
14,-0.618430232558141
15,-0.618430232558141
16,-0.618430232558141
17,-0.618430232558141
18,-0.618430232558141
19,-0.618430232558141
20,-0.618430232558141
