Generation,Best Fitness
0,-14.471941578460754
1,-12.84973115639428
2,-12.84973115639428
3,-12.84973115639428
