Fitness,Total Reactions,Length,Net_count,Net_Tox,Network_yield,Gibbs
10.621428571428572,16,13,10.621428571428572,7.987264675569227,2.1120824175824153,-1.503104687046691
3.8600000000000003,6,4,3.8600000000000003,1.7348761542649975,1.8978311688311678,-14.179015041856319
