Generation,Best Fitness
0,-20.857010260081655
1,-20.857010260081655
