Generation,Best Fitness
0,-1.6215950917865591
1,-1.6215950917865591
2,-1.6215950917865591
3,-1.6215950917865591
4,-1.6215950917865591
5,-1.8185703226395582
6,-1.968570322639558
7,-1.968570322639558
8,-1.968570322639558
9,-1.968570322639558
10,-1.968570322639558
11,-1.968570322639558
12,-1.968570322639558
13,-1.968570322639558
14,-1.968570322639558
15,-1.968570322639558
