Generation,Best Fitness
0,1.7306909122535383
1,1.7306909122535383
2,1.7306909122535383
