Generation,Best Fitness
0,4.54875278397034
1,0.0897509923046127
