Generation,Best Fitness
0,-1.6215950917865591
1,-1.6215950917865591
2,-1.6215950917865591
3,-1.6215950917865591
