Generation,Best Fitness
1,2.440929339480602
2,1.958085745438513
3,1.958085745438513
4,1.958085745438513
5,1.958085745438513
6,1.958085745438513
7,1.958085745438513
8,1.958085745438513
9,1.958085745438513
10,1.958085745438513
11,1.958085745438513
12,1.958085745438513
13,1.958085745438513
14,1.958085745438513
15,1.958085745438513
16,1.958085745438513
17,1.958085745438513
18,1.958085745438513
19,1.958085745438513
20,1.958085745438513
