Generation,Best Fitness
0,-18.466109405715954
1,-18.008250363436865
2,-18.008250363436865
3,-18.008250363436865
