Generation,Best Fitness
0,-14.30354145946954
1,-7.144147964711301
2,-10.985446655636748
3,-10.985446655636748
