Generation,Best Fitness
0,-2.3026562500000227
1,-2.3026562500000227
2,-2.3026562500000227
3,-2.3724999999999925
4,-20.198524649430027
5,-20.198524649430027
