Generation,Best Fitness
0,-14.88836180255976
1,-14.88836180255976
2,-14.88836180255976
