Generation,Best Fitness
0,0.0
1,0.689696787660852
2,0.689696787660852
