Generation,Best Fitness
0,-19.487323226954533
1,-19.487323226954533
2,-19.487323226954533
3,-19.487323226954533
4,-19.487323226954533
