Generation,Best Fitness
0,-16.168136169129717
1,-18.51689194213701
2,-18.51689194213701
3,-19.409358509588728
4,-19.409358509588728
5,-19.409358509588728
6,-19.409358509588728
7,-19.409358509588728
