Generation,Best Fitness
0,-21.10903553941737
1,-21.10903553941737
2,-21.10903553941737
3,-21.10903553941737
4,-21.10903553941737
