Generation,Best Fitness
0,-0.9937099940574766
1,-0.8836742689246857
2,-1.0389666242161968
3,-2.3858656166162246
4,-2.3858656166162246
