Generation,Best Fitness
0,-36.70324900793651
1,-33.5896958943834
