Generation,Best Fitness
0,-3.051574379460284
1,-1.931948316901003
2,-1.931948316901003
3,-1.931948316901003
4,-1.931948316901003
