Generation,Best Fitness
0,-1.7931863429206758
1,-2.194488263735714
